S0,S1,S2,S3,main_pump,aux_pump,ultrasound,class
1,1,0,0,1,1,43,blocked
1,1,0,0,1,1,24,blocked
1,1,0,0,1,1,35,blocked
1,1,0,0,1,1,55,blocked
1,1,0,0,1,1,33,blocked
1,1,0,0,1,1,40,blocked
1,1,0,0,1,1,58,blocked
1,1,0,0,1,1,29,blocked
1,1,0,0,1,1,84,blocked
1,1,0,0,1,1,118,blocked
1,1,0,0,1,1,151,blocked
1,1,0,0,1,1,162,blocked
1,1,0,0,1,1,131,blocked
1,1,0,0,1,1,153,blocked
1,1,0,0,1,1,151,blocked
1,1,0,0,1,1,178,blocked
1,1,0,0,1,1,121,blocked
1,1,0,0,1,1,171,blocked
1,1,0,0,1,1,191,blocked
1,1,0,0,1,1,189,blocked
1,1,0,0,1,1,206,blocked
1,1,0,0,1,1,207,blocked
1,1,0,0,1,1,209,blocked
1,1,0,0,1,1,235,blocked
1,1,0,0,1,1,219,blocked
1,1,0,0,1,1,258,blocked
1,1,0,0,1,1,235,blocked
1,1,0,0,1,1,251,blocked
1,1,0,0,1,1,258,blocked
1,1,0,0,1,1,274,blocked
1,1,0,0,1,1,253,blocked
1,1,0,0,1,1,289,blocked
1,1,0,0,1,1,274,blocked
1,1,0,0,1,1,292,blocked
1,1,0,0,1,1,303,blocked
1,1,0,0,1,1,317,blocked
1,1,0,0,1,1,318,blocked
1,1,0,0,1,1,326,blocked
1,1,0,0,1,1,366,blocked
1,1,0,0,1,1,383,blocked
1,1,0,0,1,1,352,blocked
1,1,0,0,1,1,366,blocked
1,1,0,0,1,1,374,blocked
1,1,0,0,1,1,401,blocked
1,1,0,0,1,1,394,blocked
1,1,0,0,1,1,366,blocked
1,1,0,0,1,1,414,blocked
1,1,0,0,1,1,419,blocked
1,1,0,0,1,1,424,blocked
1,1,0,0,1,1,445,blocked
1,1,0,0,1,1,463,blocked
1,1,0,0,1,1,458,blocked
1,1,0,0,1,1,474,blocked
1,1,0,0,1,1,472,blocked
1,1,0,0,1,1,483,blocked
1,1,0,0,1,1,494,blocked
1,1,0,0,1,1,468,blocked
1,1,0,0,1,1,490,blocked
1,1,0,0,1,1,479,blocked
1,1,0,0,1,1,499,blocked
1,1,0,0,1,1,543,blocked
1,1,0,0,1,1,503,blocked
1,1,0,0,1,1,518,blocked
1,1,0,0,1,1,533,blocked
1,1,0,0,1,1,534,blocked
1,1,0,0,1,1,562,blocked
1,1,0,0,1,1,552,blocked
1,1,0,0,1,1,545,blocked
1,1,0,0,1,1,551,blocked
1,1,0,0,1,1,587,blocked
1,1,0,0,1,1,576,blocked
1,1,0,0,1,1,576,blocked
1,1,0,0,1,1,610,blocked
1,1,0,0,1,1,583,blocked
1,1,0,0,1,1,615,blocked
1,1,0,0,1,1,597,blocked
1,1,0,0,1,1,639,blocked
1,1,0,0,1,1,670,blocked
1,1,0,0,1,1,621,blocked
1,1,0,0,1,1,583,blocked
1,1,0,0,1,1,634,blocked
1,1,0,0,1,1,676,blocked
1,1,0,0,1,1,695,blocked
1,1,0,0,1,1,684,blocked
1,1,0,0,1,1,684,blocked
1,1,0,0,1,1,665,blocked
1,1,0,0,1,1,707,blocked
1,1,0,0,1,1,751,blocked
1,1,0,0,1,1,782,blocked
1,1,0,0,1,1,748,blocked
1,1,0,0,1,1,762,blocked
1,1,0,0,1,1,742,blocked
1,1,0,0,1,1,737,blocked
1,1,0,0,1,1,738,blocked
1,1,0,0,1,1,778,blocked
1,1,0,0,1,1,759,blocked
1,1,0,0,1,1,786,blocked
1,1,0,0,1,1,776,blocked
1,1,0,0,1,1,722,blocked
1,1,0,0,1,1,781,blocked
1,1,0,0,1,1,821,blocked
1,1,0,0,1,1,888,blocked
1,1,0,0,1,1,873,blocked
1,1,0,0,1,1,848,blocked
1,1,0,0,1,1,822,blocked
1,1,0,0,1,1,910,blocked
1,1,0,0,1,1,888,blocked
1,1,0,0,1,1,912,blocked
1,1,0,0,1,1,891,blocked
1,1,0,0,1,1,908,blocked
1,1,0,0,1,1,873,blocked
1,1,0,0,1,1,842,blocked
1,1,0,0,1,1,932,blocked
1,1,0,0,1,1,933,blocked
1,1,0,0,1,1,888,blocked
1,1,0,0,1,1,908,blocked
1,1,0,0,1,1,961,blocked
1,1,0,0,1,1,945,blocked
1,1,0,0,1,1,908,blocked
1,1,0,0,1,1,943,blocked
1,1,0,0,1,1,981,blocked
1,1,0,0,1,1,949,blocked
1,1,0,0,1,1,1002,blocked
1,1,0,0,1,1,971,blocked
1,1,0,0,1,1,991,blocked
1,1,0,0,1,1,967,blocked
1,1,0,0,1,1,997,blocked
1,1,0,0,1,1,1025,blocked
1,1,0,0,1,1,1035,blocked
1,1,0,0,1,1,1021,blocked
1,1,0,0,1,1,1066,blocked
1,1,0,0,1,1,1041,blocked
1,1,0,0,1,1,1046,blocked
1,1,0,0,1,1,1053,blocked
1,1,0,0,1,1,1046,blocked
1,1,0,0,1,1,1111,blocked
1,1,0,0,1,1,1066,blocked
1,1,0,0,1,1,1070,blocked
1,1,0,0,1,1,1098,blocked
1,1,0,0,1,1,1090,blocked
1,1,0,0,1,1,1082,blocked
1,1,0,0,1,1,1115,blocked
1,1,0,0,1,1,1096,blocked
1,1,0,0,1,1,1127,blocked
1,1,0,0,1,1,1146,blocked
1,1,0,0,1,1,1097,blocked
1,1,0,0,1,1,1153,blocked
1,1,0,0,1,1,1168,blocked
1,1,0,0,1,1,1157,blocked
1,1,0,0,1,1,1168,blocked
1,1,0,0,1,1,1138,blocked
1,1,0,0,1,1,1197,blocked
1,1,0,0,1,1,1191,blocked
1,1,0,0,1,1,1184,blocked
1,1,0,0,1,1,1191,blocked
1,1,0,0,1,1,1215,blocked
1,1,0,0,1,1,1196,blocked
1,1,0,0,1,1,1205,blocked
1,1,0,0,1,1,1207,blocked
1,1,0,0,1,1,1254,blocked
1,1,0,0,1,1,1240,blocked
1,1,0,0,1,1,1249,blocked
1,1,0,0,1,1,1208,blocked
1,1,0,0,1,1,1264,blocked
1,1,0,0,1,1,1254,blocked
1,1,0,0,1,1,1270,blocked
1,1,0,0,1,1,1286,blocked
1,1,0,0,1,1,1262,blocked
1,1,0,0,1,1,1284,blocked
1,1,0,0,1,1,1207,blocked
1,1,0,0,1,1,1320,blocked
1,1,0,0,1,1,1302,blocked
1,1,0,0,1,1,1334,blocked
1,1,0,0,1,1,1319,blocked
1,1,0,0,1,1,1342,blocked
1,1,0,0,1,1,1281,blocked
1,1,0,0,1,1,1353,blocked
1,1,0,0,1,1,1370,blocked
1,1,0,0,1,1,1363,blocked
1,1,0,0,1,1,1372,blocked
1,1,0,0,1,1,1342,blocked
1,1,0,0,1,1,1372,blocked
1,1,0,0,1,1,1380,blocked
1,1,0,0,1,1,1381,blocked
1,1,0,0,1,1,1383,blocked
1,1,0,0,1,1,1411,blocked
1,1,0,0,1,1,1411,blocked
1,1,0,0,1,1,1431,blocked
1,1,0,0,1,1,1420,blocked
1,1,0,0,1,1,1441,blocked
1,1,0,0,1,1,1461,blocked
1,1,0,0,1,1,1489,blocked
1,1,0,0,1,1,1479,blocked
1,1,0,0,1,1,1485,blocked
1,1,0,0,1,1,1497,blocked
1,1,0,0,1,1,1483,blocked
1,1,0,0,1,1,1517,blocked
1,1,0,0,1,1,1518,blocked
1,1,0,0,1,1,1518,blocked
1,1,0,0,1,1,1533,blocked
1,1,0,0,1,1,1538,blocked
1,1,0,0,1,1,1555,blocked
1,1,0,0,1,1,1520,blocked
1,1,0,0,1,1,1557,blocked
1,1,0,0,1,1,1578,blocked
1,1,0,0,1,1,1591,blocked
1,1,0,0,1,1,1589,blocked
1,1,0,0,1,1,1588,blocked
1,1,0,0,1,1,1586,blocked
1,1,0,0,1,1,1569,blocked
1,1,0,0,1,1,1606,blocked
1,1,0,0,1,1,1618,blocked
1,1,0,0,1,1,1621,blocked
1,1,0,0,1,1,1646,blocked
1,1,0,0,1,1,1614,blocked
1,1,0,0,1,1,1624,blocked
1,1,0,0,1,1,1651,blocked
1,1,0,0,1,1,1665,blocked
1,1,0,0,1,1,1657,blocked
1,1,0,0,1,1,1700,blocked
1,1,0,0,1,1,1679,blocked
1,1,0,0,1,1,1690,blocked
1,1,0,0,1,1,1723,blocked
1,1,0,0,1,1,1710,blocked
1,1,0,0,1,1,1707,blocked
1,1,0,0,1,1,1728,blocked
1,1,0,0,1,1,1723,blocked
1,1,0,0,1,1,1726,blocked
1,1,0,0,1,1,1748,blocked
1,1,0,0,1,1,1721,blocked
1,1,0,0,1,1,1760,blocked
1,1,0,0,1,1,1773,blocked
1,1,0,0,1,1,1762,blocked
1,1,0,0,1,1,1801,blocked
1,1,0,0,1,1,1806,blocked
1,1,0,0,1,1,1801,blocked
1,1,0,0,1,1,1811,blocked
1,1,0,0,1,1,1857,blocked
1,1,0,0,1,1,1783,blocked
1,1,0,0,1,1,1837,blocked
1,1,0,0,1,1,1831,blocked
1,1,0,0,1,1,1850,blocked
1,1,0,0,1,1,1842,blocked
1,1,0,0,1,1,1850,blocked
1,1,0,0,1,1,1890,blocked
1,1,0,0,1,1,1864,blocked
1,1,0,0,1,1,1890,blocked
1,1,0,0,1,1,1879,blocked
1,1,0,0,1,1,1866,blocked
1,1,0,0,1,1,1885,blocked
1,1,0,0,1,1,1918,blocked
1,1,0,0,1,1,1914,blocked
1,1,0,0,1,1,1925,blocked
1,1,0,0,1,1,1905,blocked
1,1,0,0,1,1,1875,blocked
1,1,0,0,1,1,1905,blocked
1,1,0,0,1,1,1934,blocked
1,1,0,0,1,1,1929,blocked
1,1,0,0,1,1,1964,blocked
1,1,0,0,1,1,1945,blocked
1,1,0,0,1,1,1978,blocked
1,1,0,0,1,1,1970,blocked
1,1,0,0,1,1,1983,blocked
1,1,0,0,1,1,1988,blocked
1,1,0,0,1,1,1988,blocked
1,1,0,0,1,1,2016,blocked
1,1,0,0,1,1,2008,blocked
1,1,0,0,1,1,2008,blocked
1,1,0,0,1,1,2026,blocked
1,1,0,0,1,1,2032,blocked
1,1,0,0,1,1,2053,blocked
1,1,0,0,1,1,2056,blocked
1,1,0,0,1,1,2066,blocked
1,1,0,0,1,1,2039,blocked
1,1,0,0,1,1,2076,blocked
1,1,0,0,1,1,2066,blocked
1,1,0,0,1,1,2065,blocked
1,1,0,0,1,1,2076,blocked
1,1,0,0,1,1,2091,blocked
1,1,0,0,1,1,2086,blocked
1,1,0,0,1,1,2125,blocked
1,1,0,0,1,1,2111,blocked
1,1,0,0,1,1,2119,blocked
1,1,0,0,1,1,2143,blocked
1,1,0,0,1,1,2128,blocked
1,1,0,0,1,1,2125,blocked
1,1,0,0,1,1,2159,blocked
1,1,0,0,1,1,2150,blocked
1,1,0,0,1,1,2174,blocked
1,1,0,0,1,1,2165,blocked
1,1,0,0,1,1,2182,blocked
1,1,0,0,1,1,2187,blocked
1,1,0,0,1,1,2182,blocked
1,1,0,0,1,1,2213,blocked
1,1,0,0,1,1,2211,blocked
1,1,0,0,1,1,2211,blocked
1,1,0,0,1,1,2221,blocked
1,1,0,0,1,1,2222,blocked
1,1,0,0,1,1,2242,blocked
1,1,0,0,1,1,2246,blocked
1,1,0,0,1,1,2242,blocked
1,1,0,0,1,1,2235,blocked
1,1,0,0,1,1,2262,blocked
1,1,0,0,1,1,2241,blocked
1,1,0,0,1,1,2281,blocked
1,1,0,0,1,1,2291,blocked
1,1,0,0,1,1,2301,blocked
1,1,0,0,1,1,2298,blocked
1,1,0,0,1,1,2291,blocked
1,1,0,0,1,1,2319,blocked
1,1,0,0,1,1,2301,blocked
1,1,0,0,1,1,2319,blocked
1,1,0,0,1,1,2337,blocked
1,1,0,0,1,1,2347,blocked
1,1,0,0,1,1,2349,blocked
1,1,0,0,1,1,2357,blocked
1,1,0,0,1,1,2348,blocked
1,1,0,0,1,1,2369,blocked
1,1,0,0,1,1,2375,blocked
1,1,0,0,1,1,2368,blocked
1,1,0,0,1,1,2384,blocked
1,1,0,0,1,1,2386,blocked
1,1,0,0,1,1,2397,blocked
1,1,0,0,1,1,2407,blocked
1,1,0,0,1,1,2407,blocked
1,1,0,0,1,1,2412,blocked
1,1,0,0,1,1,2437,blocked
1,1,0,0,1,1,2441,blocked
1,1,0,0,1,1,2432,blocked
1,1,0,0,1,1,2447,blocked
1,1,0,0,1,1,2456,blocked
1,1,0,0,1,1,2447,blocked
1,1,0,0,1,1,2465,blocked
1,1,0,0,1,1,2475,blocked
1,1,0,0,1,1,2476,blocked
1,1,0,0,1,1,2467,blocked
1,1,0,0,1,1,2475,blocked
1,1,0,0,1,1,2501,blocked
1,1,0,0,1,1,2506,blocked
1,1,0,0,1,1,2490,blocked
1,1,0,0,1,1,2496,blocked
1,1,0,0,1,1,2522,blocked
1,1,0,0,1,1,2525,blocked
1,1,0,0,1,1,2540,blocked
1,1,0,0,1,1,2531,blocked
1,1,0,0,1,1,2544,blocked
1,1,0,0,1,1,2555,blocked
1,1,0,0,1,1,2544,blocked
1,1,0,0,1,1,2573,blocked
1,1,0,0,1,1,2602,blocked
1,1,0,0,1,1,2590,blocked
1,1,0,0,1,1,2602,blocked
1,1,0,0,1,1,2618,blocked
1,1,0,0,1,1,2612,blocked
1,1,0,0,1,1,2613,blocked
1,1,0,0,1,1,2623,blocked
1,1,0,0,1,1,2625,blocked
1,1,0,0,1,1,2633,blocked
1,1,0,0,1,1,2642,blocked
1,1,0,0,1,1,2651,blocked
1,1,0,0,1,1,2652,blocked
1,1,0,0,1,1,2660,blocked
1,1,0,0,1,1,2662,blocked
1,1,0,0,1,1,2671,blocked
1,1,0,0,1,1,2660,blocked
1,1,0,0,1,1,2686,blocked
1,1,0,0,1,1,2710,blocked
1,1,0,0,1,1,2696,blocked
1,1,0,0,1,1,2729,blocked
1,1,0,0,1,1,2745,blocked
1,1,0,0,1,1,2747,blocked
1,1,0,0,1,1,2743,blocked
1,1,0,0,1,1,2746,blocked
1,1,0,0,1,1,2755,blocked
1,1,0,0,1,1,2779,blocked
1,1,0,0,1,1,2757,blocked
1,1,0,0,1,1,2768,blocked
1,1,0,0,1,1,2779,blocked
1,1,0,0,1,1,2765,blocked
1,1,0,0,1,1,2734,blocked
1,1,0,0,1,1,2799,blocked
1,1,0,0,1,1,2780,blocked
1,1,0,0,1,1,2797,blocked
1,1,0,0,1,1,2799,blocked
1,1,0,0,1,1,2821,blocked
1,1,0,0,1,1,2817,blocked
1,1,0,0,1,1,2828,blocked
1,1,0,0,1,1,2837,blocked
1,1,0,0,1,1,2837,blocked
1,1,0,0,1,1,2848,blocked
1,1,0,0,1,1,2856,blocked
1,1,0,0,1,1,2867,blocked
1,1,0,0,1,1,2867,blocked
1,1,0,0,1,1,2876,blocked
1,1,0,0,1,1,2887,blocked
1,1,0,0,1,1,2895,blocked
1,1,0,0,1,1,2895,blocked
1,1,0,0,1,1,2906,blocked
1,1,0,0,1,1,2911,blocked
1,1,0,0,1,1,2917,blocked
1,1,0,0,1,1,2916,blocked
1,1,0,0,1,1,2931,blocked
1,1,0,0,1,1,2934,blocked
1,1,0,0,1,1,2945,blocked
1,1,0,0,1,1,2921,blocked
1,1,0,0,1,1,2964,blocked
1,1,0,0,1,1,2950,blocked
1,1,0,0,1,1,2951,blocked
1,1,0,0,1,1,2974,blocked
1,1,0,0,1,1,2994,blocked
1,1,0,0,1,1,2983,blocked
1,1,0,0,1,1,3004,blocked
1,1,0,0,1,1,3003,blocked
1,1,0,0,1,1,3001,blocked
1,1,0,0,1,1,3023,blocked
1,1,0,0,1,1,3023,blocked
1,1,0,0,1,1,3014,blocked
1,1,0,0,1,1,3033,blocked
1,1,0,0,1,1,3043,blocked
1,1,0,0,1,1,3032,blocked
1,1,0,0,1,1,3050,blocked
1,1,0,0,1,1,3061,blocked
1,1,0,0,1,1,3062,blocked
1,1,0,0,1,1,3061,blocked
1,1,0,0,1,1,3081,blocked
1,1,0,0,1,1,3081,blocked
1,1,0,0,1,1,3082,blocked
1,1,0,0,1,1,3101,blocked
1,1,0,0,1,1,3110,blocked
1,1,0,0,1,1,3119,blocked
1,1,0,0,1,1,3130,blocked
1,1,0,0,1,1,3138,blocked
1,1,0,0,1,1,3130,blocked
1,1,0,0,1,1,3150,blocked
1,1,0,0,1,1,3138,blocked
1,1,0,0,1,1,3169,blocked
1,1,0,0,1,1,3160,blocked
1,1,0,0,1,1,3177,blocked
1,1,0,0,1,1,3177,blocked
1,1,0,0,1,1,3199,blocked
1,1,0,0,1,1,3199,blocked
1,1,0,0,1,1,3199,blocked
1,1,0,0,1,1,3202,blocked
1,1,0,0,1,1,3204,blocked
1,1,0,0,1,1,3228,blocked
1,1,0,0,1,1,3217,blocked
1,1,0,0,1,1,3227,blocked
1,1,0,0,1,1,3238,blocked
1,1,0,0,1,1,3248,blocked
1,1,0,0,1,1,3248,blocked
1,1,0,0,1,1,3257,blocked
1,1,0,0,1,1,3255,blocked
1,1,0,0,1,1,3268,blocked
1,1,0,0,1,1,3257,blocked
1,1,0,0,1,1,3274,blocked
1,1,0,0,1,1,3291,blocked
1,1,0,0,1,1,3297,blocked
1,1,0,0,1,1,3294,blocked
1,1,0,0,1,1,3316,blocked
1,1,0,0,1,1,3315,blocked
1,1,0,0,1,1,3325,blocked
1,1,0,0,1,1,3335,blocked
1,1,0,0,1,1,3315,blocked
1,1,0,0,1,1,3344,blocked
1,1,0,0,1,1,3343,blocked
1,1,0,0,1,1,3354,blocked
1,1,0,0,1,1,3372,blocked
1,1,0,0,1,1,3354,blocked
1,1,0,0,1,1,3375,blocked
1,1,0,0,1,1,3374,blocked
1,1,0,0,1,1,3376,blocked
1,1,0,0,1,1,3403,blocked
1,1,0,0,1,1,3394,blocked
1,1,0,0,1,1,3414,blocked
1,1,0,0,1,1,3414,blocked
1,1,0,0,1,1,3413,blocked
1,1,0,0,1,1,3432,blocked
1,1,0,0,1,1,3430,blocked
1,1,0,0,1,1,3443,blocked
1,1,0,0,1,1,3453,blocked
1,1,0,0,1,1,3452,blocked
1,1,0,0,1,1,3459,blocked
1,1,0,0,1,1,3453,blocked
1,1,0,0,1,1,3470,blocked
1,1,0,0,1,1,3459,blocked
1,1,0,0,1,1,3501,blocked
1,1,0,0,1,1,3521,blocked
1,1,0,0,1,1,3530,blocked
1,1,0,0,1,1,3541,blocked
1,1,0,0,1,1,3551,blocked
1,1,0,0,1,1,3561,blocked
1,1,0,0,1,1,3521,blocked
1,1,0,0,1,1,3526,blocked
1,1,0,0,1,1,3571,blocked
1,1,0,0,1,1,3570,blocked
1,1,0,0,1,1,3567,blocked
1,1,0,0,1,1,3570,blocked
1,1,0,0,1,1,3590,blocked
1,1,0,0,1,1,3590,blocked
1,1,0,0,1,1,3589,blocked
1,1,0,0,1,1,3603,blocked
1,1,0,0,1,1,3596,blocked
1,1,0,0,1,1,3600,blocked
1,1,0,0,1,1,3578,blocked
1,1,0,0,1,1,3607,blocked
1,1,0,0,1,1,3629,blocked
1,1,0,0,1,1,3639,blocked
1,1,0,0,1,1,3619,blocked
1,1,0,0,1,1,3639,blocked
1,1,0,0,1,1,3647,blocked
1,1,0,0,1,1,3648,blocked
1,1,0,0,1,1,3639,blocked
1,1,0,0,1,1,3658,blocked
1,1,0,0,1,1,3668,blocked
1,1,0,0,1,1,3676,blocked
1,1,0,0,1,1,3684,blocked
1,1,0,0,1,1,3687,blocked
1,1,0,0,1,1,3695,blocked
1,1,0,0,1,1,3696,blocked
1,1,0,0,1,1,3707,blocked
1,1,0,0,1,1,3703,blocked
1,1,0,0,1,1,3720,blocked
1,1,0,0,1,1,3725,blocked
1,1,0,0,1,1,3733,blocked
1,1,0,0,1,1,3746,blocked
1,1,0,0,1,1,3746,blocked
1,1,0,0,1,1,3752,blocked
1,1,0,0,1,1,3766,blocked
1,1,0,0,1,1,3761,blocked
1,1,0,0,1,1,3775,blocked
1,1,0,0,1,1,3785,blocked
1,1,0,0,1,1,3790,blocked
1,1,0,0,1,1,3795,blocked
1,1,0,0,1,1,3805,blocked
1,1,0,0,1,1,3811,blocked
1,1,0,0,1,1,3810,blocked
1,1,0,0,1,1,3824,blocked
1,1,0,0,1,1,3832,blocked
1,1,0,0,1,1,3833,blocked
1,1,0,0,1,1,3843,blocked
1,1,0,0,1,1,3850,blocked
1,1,0,0,1,1,3852,blocked
1,1,0,0,1,1,3863,blocked
1,1,0,0,1,1,3861,blocked
1,1,0,0,1,1,3873,blocked
1,1,0,0,1,1,3866,blocked
1,1,0,0,1,1,3863,blocked
1,1,0,0,1,1,3911,blocked
1,1,0,0,1,1,3919,blocked
1,1,0,0,1,1,3873,blocked
1,1,0,0,1,1,3910,blocked
1,1,0,0,1,1,3918,blocked
1,1,0,0,1,1,3932,blocked
1,1,0,0,1,1,3941,blocked
1,1,0,0,1,1,3939,blocked
1,1,0,0,1,1,3951,blocked
1,1,0,0,1,1,3950,blocked
1,1,0,0,1,1,3956,blocked
1,1,0,0,1,1,3971,blocked
1,1,0,0,1,1,3971,blocked
1,1,0,0,1,1,3977,blocked
1,1,0,0,1,1,3989,blocked
1,1,0,0,1,1,3987,blocked
1,1,0,0,1,1,3979,blocked
1,1,0,0,1,1,4000,blocked
1,1,0,0,1,1,4006,blocked
1,1,0,0,1,1,4020,blocked
1,1,0,0,1,1,4017,blocked
1,1,0,0,1,1,4027,blocked
1,1,0,0,1,1,4035,blocked
1,1,0,0,1,1,4045,blocked
1,1,0,0,1,1,4049,blocked
1,1,0,0,1,1,4057,blocked
1,1,0,0,1,1,4055,blocked
1,1,0,0,1,1,4067,blocked
1,1,0,0,1,1,4076,blocked
1,1,0,0,1,1,4085,blocked
1,1,0,0,1,1,4085,blocked
1,1,0,0,1,1,4098,blocked
1,1,0,0,1,1,4095,blocked
1,1,0,0,1,1,4106,blocked
1,1,0,0,1,1,4117,blocked
1,1,0,0,1,1,4122,blocked
1,1,0,0,1,1,4126,blocked
1,1,0,0,1,1,4136,blocked
1,1,0,0,1,1,4142,blocked
1,1,0,0,1,1,4145,blocked
1,1,0,0,1,1,4156,blocked
1,1,0,0,1,1,4144,blocked
1,1,0,0,1,1,4161,blocked
1,1,0,0,1,1,4182,blocked
1,1,0,0,1,1,4194,blocked
1,1,0,0,1,1,4203,blocked
1,1,0,0,1,1,4205,blocked
1,1,0,0,1,1,4214,blocked
1,1,0,0,1,1,4215,blocked
1,1,0,0,1,1,4233,blocked
1,1,0,0,1,1,4252,blocked
1,1,0,0,1,1,4262,blocked
1,1,0,0,1,1,4249,blocked
1,1,0,0,1,1,4292,blocked
1,1,0,0,1,1,4302,blocked
1,1,0,0,1,1,4311,blocked
1,1,0,0,1,1,4319,blocked
1,1,0,0,1,1,4332,blocked
1,1,0,0,1,1,4322,blocked
1,1,0,0,1,1,4320,blocked
1,1,0,0,1,1,4311,blocked
1,1,0,0,1,1,4332,blocked
1,1,0,0,1,1,4330,blocked
1,1,0,0,1,1,4342,blocked
1,1,0,0,1,1,4341,blocked
1,1,0,0,1,1,4349,blocked
1,1,0,0,1,1,4361,blocked
1,1,0,0,1,1,4360,blocked
1,1,0,0,1,1,4371,blocked
1,1,0,0,1,1,4380,blocked
1,1,0,0,1,1,4391,blocked
1,1,0,0,1,1,4388,blocked
1,1,0,0,1,1,4399,blocked
1,1,0,0,1,1,4410,blocked
1,1,0,0,1,1,4418,blocked
1,1,0,0,1,1,4429,blocked
1,1,0,0,1,1,4440,blocked
1,1,0,0,1,1,4437,blocked
1,1,0,0,1,1,4449,blocked
1,1,0,0,1,1,4448,blocked
1,1,0,0,1,1,4454,blocked
1,1,0,0,1,1,4469,blocked
1,1,0,0,1,1,4466,blocked
1,1,0,0,1,1,4474,blocked
1,1,0,0,1,1,4487,blocked
1,1,0,0,1,1,4475,blocked
1,1,0,0,1,1,4496,blocked
1,1,0,0,1,1,4497,blocked
1,1,0,0,1,1,4503,blocked
1,1,0,0,1,1,4518,blocked
1,1,0,0,1,1,4518,blocked
1,1,0,0,1,1,4524,blocked
1,1,0,0,1,1,4535,blocked
1,1,0,0,1,1,4546,blocked
1,1,0,0,1,1,4546,blocked
1,1,0,0,1,1,4557,blocked
1,1,0,0,1,1,4565,blocked
1,1,0,0,1,1,4566,blocked
1,1,0,0,1,1,4576,blocked
1,1,0,0,1,1,4573,blocked
1,1,0,0,1,1,4586,blocked
1,1,0,0,1,1,4596,blocked
1,1,0,0,1,1,4592,blocked
1,1,0,0,1,1,4603,blocked
1,1,0,0,1,1,4614,blocked
1,1,0,0,1,1,4613,blocked
1,1,0,0,1,1,4625,blocked
1,1,0,0,1,1,4630,blocked
1,1,0,0,1,1,4632,blocked
1,1,0,0,1,1,4643,blocked
1,1,0,0,1,1,4641,blocked
1,1,0,0,1,1,4653,blocked
1,1,0,0,1,1,4663,blocked
1,1,0,0,1,1,4659,blocked
1,1,0,0,1,1,4673,blocked
1,1,0,0,1,1,4674,blocked
1,1,0,0,1,1,4682,blocked
1,1,0,0,1,1,4692,blocked
1,1,0,0,1,1,4693,blocked
1,1,0,0,1,1,4701,blocked
1,1,0,0,1,1,4712,blocked
1,1,0,0,1,1,4713,blocked
1,1,0,0,1,1,4719,blocked
1,1,0,0,1,1,4733,blocked
1,1,0,0,1,1,4730,blocked
1,1,0,0,1,1,4739,blocked
1,1,0,0,1,1,4742,blocked
1,1,0,0,1,1,4748,blocked
1,1,0,0,1,1,4762,blocked
1,1,0,0,1,1,4762,blocked
1,1,0,0,1,1,4769,blocked
1,1,0,0,1,1,4779,blocked
1,1,0,0,1,1,4780,blocked
1,1,0,0,1,1,4787,blocked
1,1,0,0,1,1,4800,blocked
1,1,0,0,1,1,4797,blocked
1,1,0,0,1,1,4807,blocked
1,1,0,0,1,1,4819,blocked
1,1,0,0,1,1,4830,blocked
1,1,0,0,1,1,4827,blocked
1,1,0,0,1,1,4839,blocked
1,1,0,0,1,1,4840,blocked
1,1,0,0,1,1,4847,blocked
1,1,0,0,1,1,4859,blocked
1,1,0,0,1,1,4859,blocked
1,1,0,0,1,1,4868,blocked
1,1,0,0,1,1,4879,blocked
1,1,0,0,1,1,4885,blocked
1,1,0,0,1,1,4888,blocked
1,1,0,0,1,1,4899,blocked
1,1,0,0,1,1,4896,blocked
1,1,0,0,1,1,4905,blocked
1,1,0,0,1,1,4917,blocked
1,1,0,0,1,1,4925,blocked
1,1,0,0,1,1,4927,blocked
1,1,0,0,1,1,4933,blocked
1,1,0,0,1,1,4947,blocked
1,1,0,0,1,1,4936,blocked
1,1,0,0,1,1,4947,blocked
1,1,0,0,1,1,4952,blocked
1,1,0,0,1,1,4964,blocked
1,1,0,0,1,1,4964,blocked
1,1,0,0,1,1,4985,blocked
1,1,0,0,1,1,4993,blocked
1,1,0,0,1,1,4994,blocked
1,1,0,0,1,1,5001,blocked
1,1,0,0,1,1,5016,blocked
1,1,0,0,1,1,5012,blocked
1,1,0,0,1,1,5026,blocked
1,1,0,0,1,1,5034,blocked
1,1,0,0,1,1,5032,blocked
1,1,0,0,1,1,5041,blocked
1,1,0,0,1,1,5055,blocked
1,1,0,0,1,1,5054,blocked
1,1,0,0,1,1,5058,blocked
1,1,0,0,1,1,5072,blocked
1,1,0,0,1,1,5082,blocked
1,1,0,0,1,1,5083,blocked
1,1,0,0,1,1,5094,blocked
1,1,0,0,1,1,5090,blocked
1,1,0,0,1,1,5101,blocked
1,1,0,0,1,1,5112,blocked
1,1,0,0,1,1,5123,blocked
1,1,0,0,1,1,5121,blocked
1,1,0,0,1,1,5133,blocked
1,1,0,0,1,1,5133,blocked
1,1,0,0,1,1,5140,blocked
1,1,0,0,1,1,5152,blocked
1,1,0,0,1,1,5150,blocked
1,1,0,0,1,1,5162,blocked
1,1,0,0,1,1,5172,blocked
1,1,0,0,1,1,5170,blocked
1,1,0,0,1,1,5177,blocked
1,1,0,0,1,1,5190,blocked
1,1,0,0,1,1,5185,blocked
1,1,0,0,1,1,5200,blocked
1,1,0,0,1,1,5211,blocked
1,1,0,0,1,1,5206,blocked
1,1,0,0,1,1,5220,blocked
1,1,0,0,1,1,5221,blocked
1,1,0,0,1,1,5228,blocked
1,1,0,0,1,1,5240,blocked
1,1,0,0,1,1,5239,blocked
1,1,0,0,1,1,5249,blocked
1,1,0,0,1,1,5250,blocked
1,1,0,0,1,1,5255,blocked
1,1,0,0,1,1,5270,blocked
1,1,0,0,1,1,5270,blocked
1,1,0,0,1,1,5277,blocked
1,1,0,0,1,1,5284,blocked
1,1,0,0,1,1,5288,blocked
1,1,0,0,1,1,5293,blocked
1,1,0,0,1,1,5305,blocked
1,1,0,0,1,1,5308,blocked
1,1,0,0,1,1,5319,blocked
1,1,0,0,1,1,5316,blocked
1,1,0,0,1,1,5325,blocked
1,1,0,0,1,1,5337,blocked
1,1,0,0,1,1,5337,blocked
1,1,0,0,1,1,5348,blocked
1,1,0,0,1,1,5354,blocked
1,1,0,0,1,1,5358,blocked
1,1,0,0,1,1,5367,blocked
1,1,0,0,1,1,5372,blocked
1,1,0,0,1,1,5372,blocked
1,1,0,0,1,1,5384,blocked
1,1,0,0,1,1,5380,blocked
1,1,0,0,1,1,5397,blocked
1,1,0,0,1,1,5403,blocked
1,1,0,0,1,1,5406,blocked
1,1,0,0,1,1,5415,blocked
1,1,0,0,1,1,5411,blocked
1,1,0,0,1,1,5424,blocked
1,1,0,0,1,1,5432,blocked
1,1,0,0,1,1,5430,blocked
1,1,0,0,1,1,5444,blocked
1,1,0,0,1,1,5442,blocked
1,1,0,0,1,1,5449,blocked
1,1,0,0,1,1,5464,blocked
1,1,0,0,1,1,5474,blocked
1,1,0,0,1,1,5472,blocked
1,1,0,0,1,1,5485,blocked
1,1,0,0,1,1,5480,blocked
1,1,0,0,1,1,5493,blocked
1,1,0,0,1,1,5494,blocked
1,1,0,0,1,1,5503,blocked
1,1,0,0,1,1,5513,blocked
1,1,0,0,1,1,5514,blocked
1,1,0,0,1,1,5520,blocked
1,1,0,0,1,1,5532,blocked
1,1,0,0,1,1,5533,blocked
1,1,0,0,1,1,5537,blocked
1,1,0,0,1,1,5543,blocked
1,1,0,0,1,1,5550,blocked
1,1,0,0,1,1,5558,blocked
1,1,0,0,1,1,5563,blocked
1,1,0,0,1,1,5569,blocked
1,1,0,0,1,1,5579,blocked
1,1,0,0,1,1,5581,blocked
1,1,0,0,1,1,5586,blocked
1,1,0,0,1,1,5598,blocked
1,1,0,0,1,1,5601,blocked
1,1,0,0,1,1,5607,blocked
1,1,0,0,1,1,5609,blocked
1,1,0,0,1,1,5621,blocked
1,1,0,0,1,1,5616,blocked
1,1,0,0,1,1,5629,blocked
1,1,0,0,1,1,5641,blocked
1,1,0,0,1,1,5637,blocked
1,1,0,0,1,1,5651,blocked
1,1,0,0,1,1,5660,blocked
1,1,0,0,1,1,5657,blocked
1,1,0,0,1,1,5665,blocked
1,1,0,0,1,1,5679,blocked
1,1,0,0,1,1,5675,blocked
1,1,0,0,1,1,5690,blocked
1,1,0,0,1,1,5686,blocked
1,1,0,0,1,1,5693,blocked
1,1,0,0,1,1,5707,blocked
1,1,0,0,1,1,5707,blocked
1,1,0,0,1,1,5714,blocked
1,1,0,0,1,1,5719,blocked
1,1,0,0,1,1,5724,blocked
1,1,0,0,1,1,5735,blocked
1,1,0,0,1,1,5739,blocked
1,1,0,0,1,1,5742,blocked
1,1,0,0,1,1,5756,blocked
1,1,0,0,1,1,5758,blocked
1,1,0,0,1,1,5762,blocked
1,1,0,0,1,1,5767,blocked
1,1,0,0,1,1,5778,blocked
1,1,0,0,1,1,5786,blocked
1,1,0,0,1,1,5786,blocked
1,1,0,0,1,1,5797,blocked
1,1,0,0,1,1,5803,blocked
1,1,0,0,1,1,5807,blocked
1,1,0,0,1,1,5811,blocked
1,1,0,0,1,1,5814,blocked
1,1,0,0,1,1,5826,blocked
1,1,0,0,1,1,5822,blocked
1,1,0,0,1,1,5830,blocked
1,1,0,0,1,1,5846,blocked
1,1,0,0,1,1,5853,blocked
1,1,0,0,1,1,5848,blocked
1,1,0,0,1,1,5863,blocked
1,1,0,0,1,1,5861,blocked
1,1,0,0,1,1,5870,blocked
1,1,0,0,1,1,5885,blocked
1,1,0,0,1,1,5880,blocked
1,1,0,0,1,1,5890,blocked
1,1,0,0,1,1,5892,blocked
1,1,0,0,1,1,5898,blocked
1,1,0,0,1,1,5911,blocked
1,1,0,0,1,1,5914,blocked
1,1,0,0,1,1,5919,blocked
1,1,0,0,1,1,5924,blocked
1,1,0,0,1,1,5927,blocked
1,1,0,0,1,1,5936,blocked
1,1,0,0,1,1,5944,blocked
1,1,0,0,1,1,5947,blocked
1,1,0,0,1,1,5952,blocked
1,1,0,0,1,1,5963,blocked
1,1,0,0,1,1,5961,blocked
1,1,0,0,1,1,5973,blocked
1,1,0,0,1,1,5979,blocked
1,1,0,0,1,1,5986,blocked
1,1,0,0,1,1,5991,blocked
1,1,0,0,1,1,5988,blocked
1,1,0,0,1,1,5999,blocked
1,1,0,0,1,1,6010,blocked
1,1,0,0,1,1,6005,blocked
1,1,0,0,1,1,6019,blocked
1,1,0,0,1,1,6032,blocked
1,1,0,0,1,1,6027,blocked
1,1,0,0,1,1,6040,blocked
1,1,0,0,1,1,6050,blocked
1,1,0,0,1,1,6044,blocked
1,1,0,0,1,1,6057,blocked
1,1,0,0,1,1,6057,blocked
1,1,0,0,1,1,6064,blocked
1,1,0,0,1,1,6079,blocked
1,1,0,0,1,1,6080,blocked
1,1,0,0,1,1,6085,blocked
1,1,0,0,1,1,6090,blocked
1,1,0,0,1,1,6093,blocked
1,1,0,0,1,1,6108,blocked
1,1,0,0,1,1,6105,blocked
1,1,0,0,1,1,6116,blocked
1,1,0,0,1,1,6119,blocked
1,1,0,0,1,1,6129,blocked
1,1,0,0,1,1,6137,blocked
1,1,0,0,1,1,6139,blocked
1,1,0,0,1,1,6146,blocked
1,1,0,0,1,1,6145,blocked
1,1,0,0,1,1,6158,blocked
1,1,0,0,1,1,6163,blocked
1,1,0,0,1,1,6168,blocked
1,1,0,0,1,1,6176,blocked
1,1,0,0,1,1,6171,blocked
1,1,0,0,1,1,6184,blocked
1,1,0,0,1,1,6183,blocked
1,1,0,0,1,1,6191,blocked
1,1,0,0,1,1,6206,blocked
1,1,0,0,1,1,6212,blocked
1,1,0,0,1,1,6213,blocked
1,1,0,0,1,1,6227,blocked
1,1,0,0,1,1,6220,blocked
1,1,0,0,1,1,6235,blocked
1,1,0,0,1,1,6246,blocked
1,1,0,0,1,1,6243,blocked
1,1,0,0,1,1,6255,blocked
1,1,0,0,1,1,6256,blocked
1,1,0,0,1,1,6260,blocked
1,1,0,0,1,1,6276,blocked
1,1,0,0,1,1,6273,blocked
1,1,0,0,1,1,6278,blocked
1,1,0,0,1,1,6285,blocked
1,1,0,0,1,1,6289,blocked
1,1,0,0,1,1,6305,blocked
1,1,0,0,1,1,6304,blocked
1,1,0,0,1,1,6306,blocked
1,1,0,0,1,1,6311,blocked
1,1,0,0,1,1,6321,blocked
1,1,0,0,1,1,6327,blocked
1,1,0,0,1,1,6333,blocked
1,1,0,0,1,1,6344,blocked
1,1,0,0,1,1,6349,blocked
1,1,0,0,1,1,6353,blocked
1,1,0,0,1,1,6362,blocked
1,1,0,0,1,1,6366,blocked
1,1,0,0,1,1,6370,blocked
1,1,0,0,1,1,6379,blocked
1,1,0,0,1,1,6377,blocked
1,1,0,0,1,1,6392,blocked
1,1,0,0,1,1,6397,blocked
1,1,0,0,1,1,6403,blocked
1,1,0,0,1,1,6410,blocked
1,1,0,0,1,1,6405,blocked
1,1,0,0,1,1,6415,blocked
1,1,0,0,1,1,6432,blocked
1,1,0,0,1,1,6427,blocked
1,1,0,0,1,1,6434,blocked
1,1,0,0,1,1,6442,blocked
1,1,0,0,1,1,6444,blocked
1,1,0,0,1,1,6461,blocked
1,1,0,0,1,1,6458,blocked
1,1,0,0,1,1,6464,blocked
1,1,0,0,1,1,6471,blocked
1,1,0,0,1,1,6475,blocked
1,1,0,0,1,1,6486,blocked
1,1,0,0,1,1,6487,blocked
1,1,0,0,1,1,6493,blocked
1,1,0,0,1,1,6499,blocked
1,1,0,0,1,1,6510,blocked
1,1,0,0,1,1,6509,blocked
1,1,0,0,1,1,6519,blocked
1,1,0,0,1,1,6530,blocked
1,1,0,0,1,1,6524,blocked
1,1,0,0,1,1,6539,blocked
1,1,0,0,1,1,6538,blocked
1,1,0,0,1,1,6548,blocked
1,1,0,0,1,1,6559,blocked
1,1,0,0,1,1,6553,blocked
1,1,0,0,1,1,6561,blocked
1,1,0,0,1,1,6576,blocked
1,1,0,0,1,1,6570,blocked
1,1,0,0,1,1,6585,blocked
1,1,0,0,1,1,6585,blocked
1,1,0,0,1,1,6591,blocked
1,1,0,0,1,1,6607,blocked
1,1,0,0,1,1,6599,blocked
1,1,0,0,1,1,6613,blocked
1,1,0,0,1,1,6626,blocked
1,1,0,0,1,1,6626,blocked
1,1,0,0,1,1,6635,blocked
1,1,0,0,1,1,6637,blocked
1,1,0,0,1,1,6643,blocked
1,1,0,0,1,1,6655,blocked
1,1,0,0,1,1,6657,blocked
1,1,0,0,1,1,6660,blocked
1,1,0,0,1,1,6670,blocked
1,1,0,0,1,1,6674,blocked
1,1,0,0,1,1,6677,blocked
1,1,0,0,1,1,6682,blocked
1,1,0,0,1,1,6691,blocked
1,1,0,0,1,1,6687,blocked
1,1,0,0,1,1,6704,blocked
1,1,0,0,1,1,6698,blocked
1,1,0,0,1,1,6708,blocked
1,1,0,0,1,1,6724,blocked
1,1,0,0,1,1,6716,blocked
1,1,0,0,1,1,6731,blocked
1,1,0,0,1,1,6744,blocked
1,1,0,0,1,1,6740,blocked
1,1,0,0,1,1,6753,blocked
1,1,0,0,1,1,6763,blocked
1,1,0,0,1,1,6762,blocked
1,1,0,0,1,1,6774,blocked
1,1,0,0,1,1,6770,blocked
1,1,0,0,1,1,6775,blocked
1,1,0,0,1,1,6782,blocked
1,1,0,0,1,1,6785,blocked
1,1,0,0,1,1,6798,blocked
1,1,0,0,1,1,6802,blocked
1,1,0,0,1,1,6812,blocked
1,1,0,0,1,1,6814,blocked
1,1,0,0,1,1,6820,blocked
1,1,0,0,1,1,6832,blocked
1,1,0,0,1,1,6825,blocked
1,1,0,0,1,1,6842,blocked
1,1,0,0,1,1,6851,blocked
1,1,0,0,1,1,6851,blocked
1,1,0,0,1,1,6862,blocked
1,1,0,0,1,1,6854,blocked
1,1,0,0,1,1,6871,blocked
1,1,0,0,1,1,6879,blocked
1,1,0,0,1,1,6880,blocked
1,1,0,0,1,1,6882,blocked
1,1,0,0,1,1,6891,blocked
1,1,0,0,1,1,6897,blocked
1,1,0,0,1,1,6901,blocked
1,1,0,0,1,1,6909,blocked
1,1,0,0,1,1,6917,blocked
1,1,0,0,1,1,6920,blocked
1,1,0,0,1,1,6925,blocked
1,1,0,0,1,1,6931,blocked
1,1,0,0,1,1,6939,blocked
1,1,0,0,1,1,6950,blocked
1,1,0,0,1,1,6956,blocked
1,1,0,0,1,1,6959,blocked
1,1,0,0,1,1,6964,blocked
1,1,0,0,1,1,6969,blocked
1,1,0,0,1,1,6978,blocked
1,1,0,0,1,1,6980,blocked
1,1,0,0,1,1,6989,blocked
1,1,0,0,1,1,6994,blocked
1,1,0,0,1,1,6990,blocked
1,1,0,0,1,1,7007,blocked
1,1,0,0,1,1,7000,blocked
1,1,0,0,1,1,7013,blocked
1,1,0,0,1,1,7028,blocked
1,1,0,0,1,1,7019,blocked
1,1,0,0,1,1,7035,blocked
1,1,0,0,1,1,7028,blocked
1,1,0,0,1,1,7045,blocked
1,1,0,0,1,1,7057,blocked
1,1,0,0,1,1,7052,blocked
1,1,0,0,1,1,7066,blocked
1,1,0,0,1,1,7075,blocked
1,1,0,0,1,1,7074,blocked
1,1,0,0,1,1,7086,blocked
1,1,0,0,1,1,7080,blocked
1,1,0,0,1,1,7086,blocked
1,1,0,0,1,1,7105,blocked
1,1,0,0,1,1,7105,blocked
1,1,0,0,1,1,7111,blocked
1,1,0,0,1,1,7116,blocked
1,1,0,0,1,1,7122,blocked
1,1,0,0,1,1,7124,blocked
1,1,0,0,1,1,7135,blocked
1,1,0,0,1,1,7136,blocked
1,1,0,0,1,1,7138,blocked
1,1,0,0,1,1,7151,blocked
1,1,0,0,1,1,7145,blocked
1,1,0,0,1,1,7164,blocked
1,1,0,0,1,1,7164,blocked
1,1,0,0,1,1,7168,blocked
1,1,0,0,1,1,7183,blocked
1,1,0,0,1,1,7173,blocked
1,1,0,0,1,1,7191,blocked
1,1,0,0,1,1,7204,blocked
1,1,0,0,1,1,7199,blocked
1,1,0,0,1,1,7213,blocked
1,1,0,0,1,1,7210,blocked
1,1,0,0,1,1,7222,blocked
1,1,0,0,1,1,7228,blocked
1,1,0,0,1,1,7224,blocked
1,1,0,0,1,1,7243,blocked
1,1,0,0,1,1,7238,blocked
1,1,0,0,1,1,7241,blocked
1,1,0,0,1,1,7255,blocked
1,1,0,0,1,1,7252,blocked
1,1,0,0,1,1,7266,blocked
1,1,0,0,1,1,7266,blocked
1,1,0,0,1,1,7272,blocked
1,1,0,0,1,1,7280,blocked
1,1,0,0,1,1,7291,blocked
1,1,0,0,1,1,7294,blocked
1,1,0,0,1,1,7301,blocked
1,1,0,0,1,1,7309,blocked
1,1,0,0,1,1,7300,blocked
1,1,0,0,1,1,7317,blocked
1,1,0,0,1,1,7322,blocked
1,1,0,0,1,1,7321,blocked
1,1,0,0,1,1,7339,blocked
1,1,0,0,1,1,7328,blocked
1,1,0,0,1,1,7346,blocked
1,1,0,0,1,1,7360,blocked
1,1,0,0,1,1,7354,blocked
1,1,0,0,1,1,7359,blocked
1,1,0,0,1,1,7368,blocked
1,1,0,0,1,1,7370,blocked
1,1,0,0,1,1,7379,blocked
1,1,0,0,1,1,7383,blocked
1,1,0,0,1,1,7388,blocked
1,1,0,0,1,1,7406,blocked
1,1,0,0,1,1,7409,blocked
1,1,0,0,1,1,7411,blocked
1,1,0,0,1,1,7418,blocked
1,1,0,0,1,1,7426,blocked
1,1,0,0,1,1,7426,blocked
1,1,0,0,1,1,7433,blocked
1,1,0,0,1,1,7440,blocked
1,1,0,0,1,1,7438,blocked
1,1,0,0,1,1,7455,blocked
1,1,0,0,1,1,7445,blocked
1,1,0,0,1,1,7462,blocked
1,1,0,0,1,1,7477,blocked
1,1,0,0,1,1,7472,blocked
1,1,0,0,1,1,7475,blocked
1,1,0,0,1,1,7486,blocked
1,1,0,0,1,1,7486,blocked
1,1,0,0,1,1,7497,blocked
1,1,0,0,1,1,7500,blocked
1,1,0,0,1,1,7504,blocked
1,1,0,0,1,1,7519,blocked
1,1,0,0,1,1,7526,blocked
1,1,0,0,1,1,7528,blocked
1,1,0,0,1,1,7536,blocked
1,1,0,0,1,1,7534,blocked
1,1,0,0,1,1,7543,blocked
1,1,0,0,1,1,7555,blocked
1,1,0,0,1,1,7553,blocked
1,1,0,0,1,1,7564,blocked
1,1,0,0,1,1,7572,blocked
1,1,0,0,1,1,7571,blocked
1,1,0,0,1,1,7584,blocked
1,1,0,0,1,1,7577,blocked
1,1,0,0,1,1,7594,blocked
1,1,0,0,1,1,7600,blocked
1,1,0,0,1,1,7592,blocked
1,1,0,0,1,1,7610,blocked
1,1,0,0,1,1,7604,blocked
1,1,0,0,1,1,7616,blocked
1,1,0,0,1,1,7622,blocked
1,1,0,0,1,1,7631,blocked
1,1,0,0,1,1,7632,blocked
1,1,0,0,1,1,7636,blocked
1,1,0,0,1,1,7647,blocked
1,1,0,0,1,1,7652,blocked
1,1,0,0,1,1,7660,blocked
1,1,0,0,1,1,7671,blocked
1,1,0,0,1,1,7666,blocked
1,1,0,0,1,1,7682,blocked
1,1,0,0,1,1,7689,blocked
1,1,0,0,1,1,7680,blocked
1,1,0,0,1,1,7696,blocked
1,1,0,0,1,1,7693,blocked
1,1,0,0,1,1,7700,blocked
1,1,0,0,1,1,7719,blocked
1,1,0,0,1,1,7721,blocked
1,1,0,0,1,1,7720,blocked
1,1,0,0,1,1,7721,blocked
1,1,0,0,1,1,7739,blocked
1,1,0,0,1,1,7749,blocked
1,1,0,0,1,1,7739,blocked
1,1,0,0,1,1,7760,blocked
1,1,0,0,1,1,7755,blocked
1,1,0,0,1,1,7758,blocked
1,1,0,0,1,1,7775,blocked
1,1,0,0,1,1,7780,blocked
1,1,0,0,1,1,7785,blocked
1,1,0,0,1,1,7793,blocked
1,1,0,0,1,1,7798,blocked
1,1,0,0,1,1,7797,blocked
1,1,0,0,1,1,7801,blocked
1,1,0,0,1,1,7818,blocked
1,1,0,0,1,1,7827,blocked
1,1,0,0,1,1,7816,blocked
1,1,0,0,1,1,7830,blocked
1,1,0,0,1,1,7833,blocked
1,1,0,0,1,1,7835,blocked
1,1,0,0,1,1,7846,blocked
1,1,0,0,1,1,7849,blocked
1,1,0,0,1,1,7862,blocked
1,1,0,0,1,1,7853,blocked
1,1,0,0,1,1,7874,blocked
1,1,0,0,1,1,7887,blocked
1,1,0,0,1,1,7879,blocked
1,1,0,0,1,1,7896,blocked
1,1,0,0,1,1,7895,blocked
1,1,0,0,1,1,7893,blocked
1,1,0,0,1,1,7909,blocked
1,1,0,0,1,1,7915,blocked
1,1,0,0,1,1,7924,blocked
1,1,0,0,1,1,7921,blocked
1,1,0,0,1,1,7929,blocked
1,1,0,0,1,1,7946,blocked
1,1,0,0,1,1,7941,blocked
1,1,0,0,1,1,7953,blocked
1,1,0,0,1,1,7964,blocked
1,1,0,0,1,1,7953,blocked
1,1,0,0,1,1,7967,blocked
1,1,0,0,1,1,7968,blocked
1,1,0,0,1,1,7970,blocked
1,1,0,0,1,1,7981,blocked
1,1,0,0,1,1,7995,blocked
1,1,0,0,1,1,7992,blocked
1,1,0,0,0,1,7996,blocked
1,1,0,0,0,1,8007,blocked
1,1,0,0,0,1,8000,blocked
1,1,0,0,0,1,8002,blocked
1,1,0,0,0,1,8004,blocked
1,1,0,0,0,1,7992,blocked
1,1,0,0,0,1,7995,blocked
1,1,0,0,0,1,7993,blocked
1,1,0,0,0,1,7992,blocked
1,1,0,0,0,1,7980,blocked
1,1,0,0,0,1,7990,blocked
1,1,0,0,0,1,7985,blocked
1,1,0,0,0,1,7975,blocked
1,1,0,0,0,1,7984,blocked
1,1,0,1,0,1,7982,blocked
1,1,0,1,0,1,7970,blocked
1,1,0,1,0,1,7970,blocked
1,1,0,1,0,1,7975,blocked
1,1,0,1,0,1,7967,blocked
1,1,0,1,0,1,7963,blocked
1,1,0,1,0,1,7964,blocked
1,1,0,1,0,1,7951,blocked
1,1,0,1,0,1,7953,blocked
1,1,0,1,0,1,7965,blocked
1,1,0,1,0,1,7947,blocked
1,1,0,1,0,1,7942,blocked
1,1,0,1,0,1,7953,blocked
1,1,0,1,0,1,7956,blocked
1,1,0,1,0,1,7936,blocked
1,1,0,1,0,1,7945,blocked
1,1,0,1,0,1,7943,blocked
1,1,0,1,0,1,7932,blocked
1,1,0,1,0,1,7938,blocked
1,1,0,1,0,1,7927,blocked
1,1,0,1,0,1,7923,blocked
1,1,0,1,0,1,7934,blocked
1,1,0,1,0,1,7936,blocked
1,1,0,1,0,1,7915,blocked
1,1,0,1,0,1,7914,blocked
1,1,0,1,0,1,7925,blocked
1,1,0,1,0,1,7925,blocked
1,1,0,1,0,1,7913,blocked
1,1,0,1,0,1,7908,blocked
1,1,0,1,0,1,7915,blocked
1,1,0,1,0,1,7914,blocked
1,1,0,1,0,1,7903,blocked
1,1,0,1,0,1,7909,blocked
1,1,0,1,0,1,7906,blocked
1,1,0,1,0,1,7893,blocked
1,1,0,1,0,1,7903,blocked
1,1,0,1,0,1,7907,blocked
1,1,0,1,0,1,7892,blocked
1,1,0,1,0,1,7884,blocked
1,1,0,1,0,1,7893,blocked
1,1,0,1,0,1,7885,blocked
1,1,0,1,0,1,7891,blocked
1,1,0,1,0,1,7886,blocked
1,1,0,1,0,1,7887,blocked
1,1,0,1,0,1,7875,blocked
1,1,0,1,0,1,7877,blocked
1,1,0,1,0,1,7876,blocked
1,1,0,1,0,1,7876,blocked
1,1,0,1,0,1,7876,blocked
1,1,0,1,0,1,7866,blocked
1,1,0,1,0,1,7866,blocked
1,1,0,1,0,1,7865,blocked
1,1,0,1,0,1,7853,blocked
1,1,0,1,0,1,7857,blocked
1,1,0,1,0,1,7859,blocked
1,1,0,1,0,1,7857,blocked
1,1,0,1,0,1,7855,blocked
1,1,0,1,0,1,7854,blocked
1,1,0,1,0,1,7851,blocked
1,1,0,1,0,1,7857,blocked
1,1,0,1,0,1,7836,blocked
1,1,0,1,0,1,7835,blocked
1,1,0,1,0,1,7841,blocked
1,1,0,1,0,1,7848,blocked
1,1,0,1,0,1,7843,blocked
1,1,0,1,0,1,7825,blocked
1,1,0,1,0,1,7833,blocked
1,1,0,1,0,1,7838,blocked
1,1,0,1,0,1,7832,blocked
1,1,0,1,0,1,7815,blocked
1,1,0,1,0,1,7826,blocked
1,1,0,1,0,1,7829,blocked
1,1,0,1,0,1,7820,blocked
1,1,0,1,0,1,7827,blocked
1,1,0,1,0,1,7816,blocked
1,1,0,1,0,1,7807,blocked
1,1,0,1,0,1,7812,blocked
1,1,0,1,0,1,7818,blocked
1,1,0,1,0,1,7815,blocked
1,1,0,1,0,1,7796,blocked
1,1,0,1,0,1,7804,blocked
1,1,0,1,0,1,7809,blocked
1,1,0,1,0,1,7804,blocked
1,1,0,1,0,1,7786,blocked
1,1,0,1,0,1,7796,blocked
1,1,0,1,0,1,7799,blocked
1,1,0,1,0,1,7793,blocked
1,1,0,1,0,1,7787,blocked
1,1,0,1,0,1,7796,blocked
1,1,0,1,0,1,7777,blocked
1,1,0,1,0,1,7781,blocked
1,1,0,1,0,1,7776,blocked
1,1,0,1,0,1,7788,blocked
1,1,0,1,0,1,7777,blocked
1,1,0,1,0,1,7774,blocked
1,1,0,1,0,1,7779,blocked
1,1,0,1,0,1,7776,blocked
1,1,0,1,0,1,7766,blocked
1,1,0,1,0,1,7765,blocked
1,1,0,1,0,1,7770,blocked
1,1,0,1,0,1,7765,blocked
1,1,0,1,0,1,7757,blocked
1,1,0,1,0,1,7768,blocked
1,1,0,1,0,1,7759,blocked
1,1,0,1,0,1,7753,blocked
1,1,0,1,0,1,7749,blocked
1,1,0,1,0,1,7757,blocked
1,1,0,1,0,1,7747,blocked
1,1,0,1,0,1,7746,blocked
1,1,0,1,0,1,7750,blocked
1,1,0,1,0,1,7747,blocked
1,1,0,1,0,1,7737,blocked
1,1,0,1,0,1,7736,blocked
1,1,0,1,0,1,7741,blocked
1,1,0,1,0,1,7731,blocked
1,1,0,1,0,1,7739,blocked
1,1,0,1,0,1,7741,blocked
1,1,0,1,0,1,7720,blocked
1,1,0,1,0,1,7722,blocked
1,1,0,1,0,1,7730,blocked
1,1,0,1,0,1,7730,blocked
1,1,0,1,0,1,7708,blocked
1,1,0,1,0,1,7715,blocked
1,1,0,1,0,1,7721,blocked
1,1,0,1,0,1,7718,blocked
1,1,0,1,0,1,7708,blocked
1,1,0,1,0,1,7700,blocked
1,1,0,1,0,1,7703,blocked
1,1,0,1,0,1,7710,blocked
1,1,0,1,0,1,7709,blocked
1,1,0,1,0,1,7689,blocked
1,1,0,1,0,1,7696,blocked
1,1,0,1,0,1,7702,blocked
1,1,0,1,0,1,7689,blocked
1,1,0,1,0,1,7699,blocked
1,1,0,1,0,1,7692,blocked
1,1,0,1,0,1,7692,blocked
1,1,0,1,0,1,7686,blocked
1,1,0,1,0,1,7680,blocked
1,1,0,1,0,1,7688,blocked
1,1,0,1,0,1,7682,blocked
1,1,0,1,0,1,7674,blocked
1,1,0,1,0,1,7682,blocked
1,1,0,1,0,1,7680,blocked
1,1,0,1,0,1,7670,blocked
1,1,0,1,0,1,7671,blocked
1,1,0,1,0,1,7672,blocked
1,1,0,1,0,1,7661,blocked
1,1,0,1,0,1,7660,blocked
1,1,0,1,0,1,7670,blocked
1,1,0,1,0,1,7663,blocked
1,1,1,1,0,0,7654,blocked
1,1,1,1,0,0,7650,blocked
1,1,1,1,0,0,7660,blocked
1,1,1,1,0,0,7649,blocked
1,1,1,1,0,0,7653,blocked
1,1,1,1,0,0,7647,blocked
1,1,1,1,0,0,7641,blocked
1,1,1,1,0,0,7649,blocked
1,1,1,1,0,0,7643,blocked
1,1,1,1,0,0,7643,blocked
1,1,1,1,0,0,7639,blocked
1,1,1,1,0,0,7631,blocked
1,1,1,1,0,0,7628,blocked
1,1,1,1,0,0,7632,blocked
1,1,1,1,0,0,7630,blocked
1,1,1,1,0,0,7621,blocked
1,1,1,1,0,0,7630,blocked
1,1,1,1,0,0,7616,blocked
1,1,1,1,0,0,7622,blocked
1,1,1,1,0,0,7620,blocked
1,1,1,1,0,0,7610,blocked
1,1,1,1,0,0,7610,blocked
1,1,1,1,0,0,7614,blocked
1,1,1,1,0,0,7609,blocked
1,1,1,1,0,0,7602,blocked
1,1,1,1,0,0,7593,blocked
1,1,1,1,0,0,7598,blocked
1,1,1,1,0,0,7604,blocked
1,1,1,1,0,0,7599,blocked
1,1,1,1,0,0,7592,blocked
1,1,1,1,0,0,7592,blocked
1,1,1,1,0,0,7594,blocked
1,1,1,1,0,0,7586,blocked
1,1,1,1,0,0,7589,blocked
1,1,1,1,0,0,7593,blocked
1,1,1,1,0,0,7581,blocked
1,1,1,1,0,0,7575,blocked
1,1,1,1,0,0,7577,blocked
1,1,1,1,0,0,7583,blocked
1,1,1,1,0,0,7573,blocked
1,1,1,1,0,0,7562,blocked
1,1,1,1,0,0,7569,blocked
1,1,1,1,0,0,7575,blocked
1,1,1,1,0,0,7573,blocked
1,1,1,1,0,0,7564,blocked
1,1,1,1,0,0,7561,blocked
1,1,1,1,0,0,7559,blocked
1,1,1,1,0,0,7564,blocked
1,1,1,1,0,0,7555,blocked
1,1,1,1,0,0,7543,blocked
1,1,1,1,0,0,7550,blocked
1,1,1,1,0,0,7547,blocked
1,1,1,1,0,0,7550,blocked
1,1,1,1,0,0,7533,blocked
1,1,1,1,0,0,7543,blocked
1,1,1,1,0,0,7545,blocked
1,1,1,1,0,0,7538,blocked
1,1,1,1,0,0,7534,blocked
1,1,1,1,0,0,7534,blocked
1,1,1,1,0,0,7532,blocked
1,1,1,1,0,0,7536,blocked
1,1,1,1,0,0,7531,blocked
1,1,1,1,0,0,7523,blocked
1,1,1,1,0,0,7523,blocked
1,1,1,1,0,0,7526,blocked
1,1,1,1,0,0,7520,blocked
1,1,1,1,0,0,7525,blocked
1,1,1,1,0,0,7525,blocked
1,1,1,1,0,0,7505,blocked
1,1,1,1,0,0,7509,blocked
1,1,1,1,0,0,7516,blocked
1,1,1,1,0,0,7514,blocked
1,1,1,1,0,0,7506,blocked
1,1,1,1,0,0,7498,blocked
1,1,1,1,0,0,7497,blocked
1,1,1,1,0,0,7505,blocked
1,1,1,1,0,0,7497,blocked
1,1,1,1,0,0,7497,blocked
1,1,1,1,0,0,7489,blocked
1,1,1,1,0,0,7486,blocked
1,1,1,1,0,0,7494,blocked
1,1,1,1,0,0,7487,blocked
1,1,1,1,0,0,7481,blocked
1,1,1,1,0,0,7483,blocked
1,1,1,1,0,0,7475,blocked
1,1,1,1,0,0,7473,blocked
1,1,1,1,0,0,7477,blocked
1,1,1,1,0,0,7472,blocked
1,1,1,1,0,0,7466,blocked
1,1,1,1,0,0,7473,blocked
1,1,1,1,0,0,7461,blocked
1,1,1,1,0,0,7461,blocked
1,1,1,1,0,0,7464,blocked
1,1,1,1,0,0,7456,blocked
1,1,1,1,0,0,7448,blocked
1,1,1,1,0,0,7448,blocked
1,1,1,1,0,0,7456,blocked
1,1,1,1,0,0,7456,blocked
1,1,1,1,0,0,7448,blocked
1,1,1,1,0,0,7448,blocked
1,1,1,1,0,0,7445,blocked
1,1,1,1,0,0,7437,blocked
1,1,1,1,0,0,7444,blocked
1,1,1,1,0,0,7438,blocked
1,1,1,1,0,0,7437,blocked
1,1,1,1,0,0,7437,blocked
1,1,1,1,0,0,7428,blocked
1,1,1,1,0,0,7431,blocked
1,1,1,1,0,0,7427,blocked
1,1,1,1,0,0,7425,blocked
1,1,1,1,0,0,7418,blocked
1,1,1,1,0,0,7422,blocked
1,1,1,1,0,0,7417,blocked
1,1,1,1,0,0,7416,blocked
1,1,1,1,0,0,7418,blocked
1,1,1,1,0,0,7411,blocked
1,1,1,1,0,0,7409,blocked
1,1,1,1,0,0,7398,blocked
1,1,1,1,0,0,7405,blocked
1,1,1,1,0,0,7409,blocked
1,1,1,1,0,0,7404,blocked
1,1,1,1,0,0,7398,blocked
1,1,1,1,0,0,7395,blocked
1,1,1,1,0,0,7399,blocked
1,1,1,1,0,0,7392,blocked
1,1,1,1,0,0,7396,blocked
1,1,1,1,0,0,7388,blocked
1,1,1,1,0,0,7384,blocked
1,1,1,1,0,0,7389,blocked
1,1,1,1,0,0,7384,blocked
1,1,1,1,0,0,7377,blocked
1,1,1,1,0,0,7376,blocked
1,1,1,1,0,0,7379,blocked
1,1,1,1,0,0,7373,blocked
1,1,1,1,0,0,7368,blocked
1,1,1,1,0,0,7378,blocked
1,1,1,1,0,0,7360,blocked
1,1,1,1,0,0,7362,blocked
1,1,1,1,0,0,7365,blocked
1,1,1,1,0,0,7359,blocked
1,1,1,1,0,0,7367,blocked
1,1,1,1,0,0,7360,blocked
1,1,1,1,0,0,7354,blocked
1,1,1,1,0,0,7350,blocked
1,1,1,1,0,0,7350,blocked
1,1,1,1,0,0,7350,blocked
1,1,1,1,0,0,7341,blocked
1,1,1,1,0,0,7343,blocked
1,1,1,1,0,0,7339,blocked
1,1,1,1,0,0,7348,blocked
1,1,1,1,0,0,7339,blocked
1,1,1,1,0,0,7333,blocked
1,1,1,1,0,0,7330,blocked
1,1,1,1,0,0,7338,blocked
1,1,1,1,0,0,7337,blocked
1,1,1,1,0,0,7322,blocked
1,1,1,1,0,0,7322,blocked
1,1,1,1,0,0,7329,blocked
1,1,1,1,0,0,7329,blocked
1,1,1,1,0,0,7321,blocked
1,1,1,1,0,0,7313,blocked
1,1,1,1,0,0,7311,blocked
1,1,1,1,0,0,7318,blocked
1,1,1,1,0,0,7317,blocked
1,1,1,1,0,0,7311,blocked
1,1,1,1,0,0,7306,blocked
1,1,1,1,0,0,7300,blocked
1,1,1,1,0,0,7309,blocked
1,1,1,1,0,0,7301,blocked
1,1,1,1,0,0,7300,blocked
1,1,1,1,0,0,7290,blocked
1,1,1,1,0,0,7300,blocked
1,1,1,1,0,0,7301,blocked
1,1,1,1,0,0,7284,blocked
1,1,1,1,0,0,7282,blocked
1,1,1,1,0,0,7290,blocked
1,1,1,1,0,0,7291,blocked
1,1,1,1,0,0,7282,blocked
1,1,1,1,0,0,7273,blocked
1,1,1,1,0,0,7280,blocked
1,1,1,1,0,0,7282,blocked
1,1,1,1,0,0,7277,blocked
1,1,1,1,0,0,7272,blocked
1,1,1,1,0,0,7268,blocked
1,1,1,1,0,0,7262,blocked
1,1,1,1,0,0,7269,blocked
1,1,1,1,0,0,7272,blocked
1,1,1,1,0,0,7256,blocked
1,1,1,1,0,0,7260,blocked
1,1,1,1,0,0,7261,blocked
1,1,1,1,0,0,7262,blocked
1,1,1,1,0,0,7252,blocked
1,1,1,1,0,0,7244,blocked
1,1,1,1,0,0,7251,blocked
1,1,1,1,0,0,7251,blocked
1,1,1,1,0,0,7233,blocked
1,1,1,1,0,0,7236,blocked
1,1,1,1,0,0,7243,blocked
1,1,1,1,0,0,7240,blocked
1,1,1,1,0,0,7233,blocked
1,1,1,1,0,0,7224,blocked
1,1,1,1,0,0,7226,blocked
1,1,1,1,0,0,7232,blocked
1,1,1,1,0,0,7232,blocked
1,1,1,1,0,0,7215,blocked
1,1,1,1,0,0,7217,blocked
1,1,1,1,0,0,7223,blocked
1,1,1,1,0,0,7222,blocked
1,1,1,1,0,0,7212,blocked
1,1,1,1,0,0,7216,blocked
1,1,1,1,0,0,7212,blocked
1,1,1,1,0,0,7212,blocked
1,1,1,1,0,0,7212,blocked
1,1,1,1,0,0,7204,blocked
1,1,1,1,0,0,7197,blocked
1,1,1,1,0,0,7202,blocked
1,1,1,1,0,0,7202,blocked
1,1,1,1,0,0,7204,blocked
1,1,1,1,0,0,7196,blocked
1,1,1,1,0,0,7185,blocked
1,1,1,1,0,0,7193,blocked
1,1,1,1,0,0,7183,blocked
1,1,1,1,0,0,7190,blocked
1,1,1,1,0,0,7194,blocked
1,1,1,1,0,0,7179,blocked
1,1,1,1,0,0,7173,blocked
1,1,1,1,0,0,7173,blocked
1,1,1,1,0,0,7179,blocked
1,1,1,1,0,0,7173,blocked
1,1,1,1,0,0,7173,blocked
1,1,1,1,0,0,7164,blocked
1,1,1,1,0,0,7169,blocked
1,1,1,1,0,0,7174,blocked
1,1,1,1,0,0,7162,blocked
1,1,1,1,0,0,7153,blocked
1,1,1,1,0,0,7161,blocked
1,1,1,1,0,0,7157,blocked
1,1,1,1,0,0,7150,blocked
1,1,1,1,0,0,7145,blocked
1,1,1,1,0,0,7152,blocked
1,1,1,1,0,0,7155,blocked
1,1,1,1,0,0,7147,blocked
1,1,1,1,0,0,7140,blocked
1,1,1,1,0,0,7135,blocked
1,1,1,1,0,0,7142,blocked
1,1,1,1,0,0,7145,blocked
1,1,1,1,0,0,7138,blocked
1,1,1,1,0,0,7131,blocked
1,1,1,1,0,0,7134,blocked
1,1,1,1,0,0,7134,blocked
1,1,1,1,0,0,7127,blocked
1,1,1,1,0,0,7119,blocked
1,1,1,1,0,0,7116,blocked
1,1,1,1,0,0,7124,blocked
1,1,1,1,0,0,7125,blocked
1,1,1,1,0,0,7118,blocked
1,1,1,1,0,0,7107,blocked
1,1,1,1,0,0,7105,blocked
1,1,1,1,0,0,7113,blocked
1,1,1,1,0,0,7116,blocked
1,1,1,1,0,0,7100,blocked
1,1,1,1,0,0,7096,blocked
1,1,1,1,0,0,7105,blocked
1,1,1,1,0,0,7106,blocked
1,1,1,1,0,0,7099,blocked
1,1,1,1,0,0,7105,blocked
1,1,1,1,0,0,7095,blocked
1,1,1,1,0,0,7096,blocked
1,1,1,1,0,0,7096,blocked
1,1,1,1,0,0,7091,blocked
1,1,1,1,0,0,7077,blocked
1,1,1,1,0,0,7084,blocked
1,1,1,1,0,0,7086,blocked
1,1,1,1,0,0,7079,blocked
1,1,1,1,0,0,7083,blocked
1,1,1,1,0,0,7067,blocked
1,1,1,1,0,0,7073,blocked
1,1,1,1,0,0,7077,blocked
1,1,1,1,0,0,7072,blocked
1,1,1,1,0,0,7067,blocked
1,1,1,1,0,0,7066,blocked
1,1,1,1,0,0,7063,blocked
1,1,1,1,0,0,7059,blocked
1,1,1,1,0,0,7061,blocked
1,1,1,1,0,0,7053,blocked
1,1,1,1,0,0,7047,blocked
1,1,1,1,0,0,7047,blocked
1,1,1,1,0,0,7050,blocked
1,1,1,1,0,0,7050,blocked
1,1,1,1,0,0,7045,blocked
1,1,1,1,0,0,7037,blocked
1,1,1,1,0,0,7039,blocked
1,1,1,1,0,0,7040,blocked
1,1,1,1,0,0,7046,blocked
1,1,1,1,0,0,7036,blocked
1,1,1,1,0,0,7028,blocked
1,1,1,1,0,0,7033,blocked
1,1,1,1,0,0,7037,blocked
1,1,1,1,0,0,7025,blocked
1,1,1,1,0,0,7018,blocked
1,1,1,1,0,0,7024,blocked
1,1,1,1,0,0,7022,blocked
1,1,1,1,0,0,7018,blocked
1,1,1,1,0,0,7016,blocked
1,1,1,1,0,0,7009,blocked
1,1,1,1,0,0,7013,blocked
1,1,1,1,0,0,7018,blocked
1,1,1,1,0,0,7007,blocked
1,1,1,1,0,0,7008,blocked
1,1,1,1,0,0,7000,blocked
1,1,1,1,0,0,7002,blocked
1,1,1,1,0,0,7008,blocked
1,1,1,1,0,0,6997,blocked
1,1,1,1,0,0,6998,blocked
1,1,1,1,0,0,6995,blocked
1,1,1,1,0,0,6991,blocked
1,1,1,1,0,0,6989,blocked
1,1,1,1,0,0,6987,blocked
1,1,1,1,0,0,6984,blocked
1,1,1,1,0,0,6980,blocked
1,1,1,1,0,0,6986,blocked
1,1,1,1,0,0,6979,blocked
1,1,1,1,0,0,6972,blocked
1,1,1,1,0,0,6972,blocked
1,1,1,1,0,0,6978,blocked
1,1,1,1,0,0,6978,blocked
1,1,1,1,0,0,6961,blocked
1,1,1,1,0,0,6962,blocked
1,1,1,1,0,0,6961,blocked
1,1,1,1,0,0,6968,blocked
1,1,1,1,0,0,6969,blocked
1,1,1,1,0,0,6951,blocked
1,1,1,1,0,0,6963,blocked
1,1,1,1,0,0,6958,blocked
1,1,1,1,0,0,6958,blocked
1,1,1,1,0,0,6959,blocked
1,1,1,1,0,0,6941,blocked
1,1,1,1,0,0,6952,blocked
1,1,1,1,0,0,6950,blocked
1,1,1,1,0,0,6948,blocked
1,1,1,1,0,0,6930,blocked
1,1,1,1,0,0,6941,blocked
1,1,1,1,0,0,6939,blocked
1,1,1,1,0,0,6940,blocked
1,1,1,1,0,0,6939,blocked
1,1,1,1,0,0,6930,blocked
1,1,1,1,0,0,6926,blocked
1,1,1,1,0,0,6930,blocked
1,1,1,1,0,0,6926,blocked
1,1,1,1,0,0,6920,blocked
1,1,1,1,0,0,6912,blocked
1,1,1,1,0,0,6914,blocked
1,1,1,1,0,0,6919,blocked
1,1,1,1,0,0,6919,blocked
1,1,1,1,0,0,6902,blocked
1,1,1,1,0,0,6909,blocked
1,1,1,1,0,0,6911,blocked
1,1,1,1,0,0,6909,blocked
1,1,1,1,0,0,6901,blocked
1,1,1,1,0,0,6895,blocked
1,1,1,1,0,0,6893,blocked
1,1,1,1,0,0,6900,blocked
1,1,1,1,0,0,6900,blocked
1,1,1,1,0,0,6885,blocked
1,1,1,1,0,0,6887,blocked
1,1,1,1,0,0,6882,blocked
1,1,1,1,0,0,6889,blocked
1,1,1,1,0,0,6891,blocked
1,1,1,1,0,0,6876,blocked
1,1,1,1,0,0,6873,blocked
1,1,1,1,1,0,6873,blocked
1,1,1,1,1,0,6876,blocked
1,1,1,1,1,0,6881,blocked
1,1,1,1,1,0,6889,blocked
1,1,1,1,1,0,6881,blocked
1,1,1,1,1,0,6897,blocked
1,1,1,1,1,0,6911,blocked
1,1,1,1,1,0,6914,blocked
1,1,1,1,1,0,6911,blocked
1,1,1,1,1,0,6917,blocked
1,1,1,1,1,0,6934,blocked
1,1,1,1,1,0,6940,blocked
1,1,1,1,1,0,6947,blocked
1,1,1,1,1,0,6941,blocked
1,1,1,1,1,0,6956,blocked
1,1,1,1,1,0,6953,blocked
1,1,1,1,1,0,6965,blocked
1,1,1,1,1,0,6978,blocked
1,1,1,1,1,0,6970,blocked
1,1,1,1,1,0,6984,blocked
1,1,1,1,1,0,6998,blocked
1,1,1,1,1,0,6997,blocked
1,1,1,1,1,0,6998,blocked
1,1,1,1,1,0,7013,blocked
1,1,1,1,1,0,7012,blocked
1,1,1,1,1,0,7027,blocked
1,1,1,1,1,0,7018,blocked
1,1,1,1,1,0,7035,blocked
1,1,1,1,1,0,7047,blocked
1,1,1,1,1,0,7042,blocked
1,1,1,1,1,0,7056,blocked
1,1,1,1,1,0,7063,blocked
1,1,1,1,1,0,7067,blocked
1,1,1,1,1,0,7075,blocked
1,1,1,1,1,0,7085,blocked
1,1,1,1,1,0,7077,blocked
1,1,1,1,1,0,7091,blocked
1,1,1,1,1,0,7100,blocked
1,1,1,1,1,0,7103,blocked
1,1,1,1,1,0,7106,blocked
1,1,1,1,1,0,7113,blocked
1,1,1,1,1,0,7119,blocked
1,1,1,1,1,0,7135,blocked
1,1,1,1,1,0,7134,blocked
1,1,1,1,1,0,7145,blocked
1,1,1,1,1,0,7147,blocked
1,1,1,0,1,0,7147,blocked
1,1,1,0,1,0,7155,blocked
1,1,1,0,1,0,7172,blocked
1,1,1,0,1,0,7184,blocked
1,1,1,0,1,0,7179,blocked
1,1,1,0,1,0,7184,blocked
1,1,1,0,1,0,7193,blocked
1,1,1,0,1,0,7199,blocked
1,1,1,0,1,0,7207,blocked
1,1,1,0,1,0,7217,blocked
1,1,1,0,1,0,7213,blocked
1,1,1,0,1,0,7229,blocked
1,1,1,0,1,0,7233,blocked
1,1,1,0,1,0,7239,blocked
1,1,1,0,1,0,7235,blocked
1,1,1,0,1,0,7243,blocked
1,1,1,0,1,0,7254,blocked
1,1,1,0,1,0,7261,blocked
1,1,1,0,1,0,7271,blocked
1,1,1,0,1,0,7282,blocked
1,1,1,0,1,0,7276,blocked
1,1,1,0,1,0,7290,blocked
1,1,1,0,1,0,7300,blocked
1,1,1,0,1,0,7293,blocked
1,1,1,0,1,0,7301,blocked
1,1,1,0,1,0,7320,blocked
1,1,1,0,1,0,7330,blocked
1,1,1,0,1,0,7323,blocked
1,1,1,0,1,0,7330,blocked
1,1,1,0,1,0,7329,blocked
1,1,1,0,1,0,7346,blocked
1,1,1,0,1,0,7355,blocked
1,1,1,0,1,0,7356,blocked
1,1,1,0,1,0,7359,blocked
1,1,1,0,1,0,7368,blocked
1,1,1,0,1,0,7379,blocked
1,1,1,0,1,0,7388,blocked
1,1,1,0,1,0,7398,blocked
1,1,1,0,1,0,7388,blocked
1,1,1,0,1,0,7403,blocked
1,1,1,0,1,0,7409,blocked
1,1,1,0,1,0,7417,blocked
1,1,1,0,1,0,7417,blocked
1,1,1,0,1,0,7421,blocked
1,1,1,0,1,0,7428,blocked
1,1,1,0,1,0,7437,blocked
1,1,1,0,1,0,7443,blocked
1,1,1,0,1,0,7457,blocked
1,1,1,0,1,0,7462,blocked
1,1,1,0,1,0,7455,blocked
1,1,1,0,1,0,7473,blocked
1,1,1,0,1,0,7487,blocked
1,1,1,0,1,0,7486,blocked
1,1,1,0,1,0,7494,blocked
1,1,1,0,1,0,7488,blocked
1,1,1,0,1,0,7500,blocked
1,1,1,0,1,0,7516,blocked
1,1,1,0,1,0,7523,blocked
1,1,1,0,1,0,7522,blocked
1,1,1,0,1,0,7536,blocked
1,1,1,0,1,0,7538,blocked
1,1,1,0,1,0,7533,blocked
1,1,1,0,1,0,7555,blocked
1,1,1,0,1,0,7545,blocked
1,1,1,0,1,0,7558,blocked
1,1,1,0,1,0,7564,blocked
1,1,1,0,1,0,7573,blocked
1,1,1,0,1,0,7572,blocked
1,1,1,0,1,0,7588,blocked
1,1,1,0,1,0,7584,blocked
1,1,1,0,1,0,7603,blocked
1,1,1,0,1,0,7604,blocked
1,1,1,0,1,0,7604,blocked
1,1,1,0,1,0,7619,blocked
1,1,1,0,1,0,7622,blocked
1,1,1,0,1,0,7630,blocked
1,1,1,0,1,0,7643,blocked
1,1,1,0,1,0,7637,blocked
1,1,1,0,1,0,7641,blocked
1,1,1,0,1,0,7660,blocked
1,1,1,0,1,0,7663,blocked
1,1,1,0,1,0,7671,blocked
1,1,1,0,1,0,7680,blocked
1,1,1,0,1,0,7670,blocked
1,1,1,0,1,0,7686,blocked
1,1,1,0,1,0,7697,blocked
1,1,1,0,1,0,7699,blocked
1,1,1,0,1,0,7699,blocked
1,1,1,0,1,0,7705,blocked
1,1,1,0,1,0,7721,blocked
1,1,1,0,1,0,7730,blocked
1,1,1,0,1,0,7731,blocked
1,1,1,0,1,0,7731,blocked
1,1,1,0,1,0,7741,blocked
1,1,1,0,1,0,7737,blocked
1,1,1,0,1,0,7749,blocked
1,1,1,0,1,0,7761,blocked
1,1,1,0,1,0,7770,blocked
1,1,1,0,1,0,7779,blocked
1,1,1,0,1,0,7777,blocked
1,1,1,0,1,0,7782,blocked
1,1,1,0,1,0,7788,blocked
1,1,1,0,1,0,7807,blocked
1,1,1,0,1,0,7819,blocked
1,1,1,0,1,0,7809,blocked
1,1,1,0,1,0,7818,blocked
1,1,1,0,1,0,7826,blocked
1,1,1,0,1,0,7837,blocked
1,1,1,0,1,0,7830,blocked
1,1,1,0,1,0,7837,blocked
1,1,1,0,1,0,7846,blocked
1,1,1,0,1,0,7853,blocked
1,1,1,0,1,0,7868,blocked
1,1,1,0,1,0,7870,blocked
1,1,1,0,1,0,7864,blocked
1,1,1,0,1,0,7884,blocked
1,1,1,0,1,0,7887,blocked
1,1,1,0,1,0,7890,blocked
1,1,1,0,1,0,7902,blocked
1,1,1,0,1,0,7907,blocked
1,1,1,0,1,0,7903,blocked
1,1,1,0,1,0,7923,blocked
1,1,1,0,1,0,7927,blocked
1,1,1,0,1,0,7935,blocked
1,1,1,0,1,0,7945,blocked
1,1,1,0,1,0,7943,blocked
1,1,1,0,1,0,7947,blocked
1,1,1,0,1,0,7953,blocked
1,1,1,0,1,0,7971,blocked
1,1,1,0,1,0,7960,blocked
1,1,1,0,1,0,7980,blocked
1,1,1,0,1,0,7985,blocked
1,1,1,0,1,0,7989,blocked
